Time,Tumor,Osteoclasts,Osteoblasts,OC_OB_Ratio
0,52,100,192,0.5208
1,56,96,199,0.4824
2,60,94,203,0.4631
3,65,102,214,0.4766
4,67,110,214,0.5140
5,78,110,212,0.5189
6,81,102,223,0.4574
7,89,104,224,0.4643
8,93,106,224,0.4732
9,94,114,226,0.5044
10,98,120,227,0.5286
11,108,123,231,0.5325
12,124,122,235,0.5191
13,131,126,231,0.5455
14,146,135,227,0.5947
15,160,140,222,0.6306
16,179,142,215,0.6605
17,192,142,209,0.6794
18,215,154,206,0.7476
19,225,160,201,0.7960
20,254,171,197,0.8680
21,271,187,195,0.9590
22,288,175,187,0.9358
23,313,188,174,1.0805
24,344,209,170,1.2294
25,394,227,163,1.3926
26,441,251,157,1.5987
27,487,286,144,1.9861
28,512,300,135,2.2222
29,568,335,129,2.5969
30,619,381,112,3.4018
31,712,445,106,4.1981
32,794,557,103,5.4078
33,911,696,97,7.1753
34,1033,910,90,10.1111
35,1219,1197,83,14.4217
36,1460,1703,75,22.7067
37,1831,2578,72,35.8056
38,2432,4403,66,66.7121
39,3737,8288,61,135.8689
40,7175,15571,57,273.1754
41,13897,29240,52,562.3077
42,26968,55034,48,1146.5417
43,52276,100000,43,2325.5814
44,100000,100000,42,2380.9524
45,100000,100000,39,2564.1026
46,100000,100000,35,2857.1429
47,100000,100000,32,3125.0000
48,100000,100000,32,3125.0000
49,100000,100000,31,3225.8065
50,100000,100000,30,3333.3333
51,100000,100000,30,3333.3333
52,100000,100000,30,3333.3333
53,100000,100000,27,3703.7037
54,100000,100000,26,3846.1538
55,100000,100000,24,4166.6667
56,100000,100000,23,4347.8261
57,100000,100000,21,4761.9048
58,100000,100000,20,5000.0000
59,100000,100000,18,5555.5556
60,100000,100000,16,6250.0000
61,100000,100000,15,6666.6667
62,100000,100000,15,6666.6667
63,100000,100000,14,7142.8571
64,100000,100000,14,7142.8571
65,100000,100000,14,7142.8571
66,100000,100000,14,7142.8571
67,100000,100000,13,7692.3077
68,100000,100000,11,9090.9091
69,100000,100000,10,10000.0000
70,100000,100000,10,10000.0000
71,100000,100000,8,12500.0000
72,100000,100000,8,12500.0000
73,100000,100000,8,12500.0000
74,100000,100000,7,14285.7143
75,100000,100000,6,16666.6667
76,100000,100000,6,16666.6667
77,100000,100000,5,20000.0000
78,100000,100000,5,20000.0000
79,100000,100000,5,20000.0000
80,100000,100000,4,25000.0000
81,100000,100000,4,25000.0000
82,100000,100000,4,25000.0000
83,100000,100000,4,25000.0000
84,100000,100000,4,25000.0000
85,100000,100000,3,33333.3333
86,100000,100000,3,33333.3333
87,100000,100000,3,33333.3333
88,100000,100000,2,50000.0000
89,100000,100000,2,50000.0000
90,100000,100000,2,50000.0000
91,100000,100000,2,50000.0000
92,100000,100000,2,50000.0000
93,100000,100000,1,100000.0000
94,100000,100000,1,100000.0000
95,100000,100000,0,0.0000
96,100000,100000,0,0.0000
97,100000,100000,0,0.0000
98,100000,100000,0,0.0000
99,100000,100000,0,0.0000
100,100000,100000,0,0.0000
101,100000,100000,0,0.0000
102,100000,100000,0,0.0000
103,100000,100000,0,0.0000
104,100000,100000,0,0.0000
105,100000,100000,0,0.0000
106,100000,100000,0,0.0000
107,100000,100000,0,0.0000
108,100000,100000,0,0.0000
109,100000,100000,0,0.0000
110,100000,100000,0,0.0000
111,100000,100000,0,0.0000
112,100000,100000,0,0.0000
113,100000,100000,0,0.0000
114,100000,100000,0,0.0000
115,100000,100000,0,0.0000
116,100000,100000,0,0.0000
117,100000,100000,0,0.0000
118,100000,100000,0,0.0000
119,100000,100000,0,0.0000
120,100000,100000,0,0.0000
121,100000,100000,0,0.0000
122,100000,100000,0,0.0000
123,100000,100000,0,0.0000
124,100000,100000,0,0.0000
125,100000,100000,0,0.0000
126,100000,100000,0,0.0000
127,100000,100000,0,0.0000
128,100000,100000,0,0.0000
129,100000,100000,0,0.0000
130,100000,100000,0,0.0000
131,100000,100000,0,0.0000
132,100000,100000,0,0.0000
133,100000,100000,0,0.0000
134,100000,100000,0,0.0000
135,100000,100000,0,0.0000
136,100000,100000,0,0.0000
137,100000,100000,0,0.0000
138,100000,100000,0,0.0000
139,100000,100000,0,0.0000
140,100000,100000,0,0.0000
141,100000,100000,0,0.0000
142,100000,100000,0,0.0000
143,100000,100000,0,0.0000
144,100000,100000,0,0.0000
145,100000,100000,0,0.0000
146,100000,100000,0,0.0000
147,100000,100000,0,0.0000
148,100000,100000,0,0.0000
149,100000,100000,0,0.0000
150,100000,100000,0,0.0000
151,100000,100000,0,0.0000
152,100000,100000,0,0.0000
153,100000,100000,0,0.0000
154,100000,100000,0,0.0000
155,100000,100000,0,0.0000
156,100000,100000,0,0.0000
157,100000,100000,0,0.0000
158,100000,100000,0,0.0000
159,100000,100000,0,0.0000
160,100000,100000,0,0.0000
161,100000,100000,0,0.0000
162,100000,100000,0,0.0000
163,100000,100000,0,0.0000
164,100000,100000,0,0.0000
165,100000,100000,0,0.0000
166,100000,100000,0,0.0000
167,100000,100000,0,0.0000
168,100000,100000,0,0.0000
169,100000,100000,0,0.0000
170,100000,100000,0,0.0000
171,100000,100000,0,0.0000
172,100000,100000,0,0.0000
173,100000,100000,0,0.0000
174,100000,100000,0,0.0000
175,100000,100000,0,0.0000
176,100000,100000,0,0.0000
177,100000,100000,0,0.0000
178,100000,100000,0,0.0000
179,100000,100000,0,0.0000
180,100000,100000,0,0.0000
181,100000,100000,0,0.0000
182,100000,100000,0,0.0000
183,100000,100000,0,0.0000
184,100000,100000,0,0.0000
185,100000,100000,0,0.0000
186,100000,100000,0,0.0000
187,100000,100000,0,0.0000
188,100000,100000,0,0.0000
189,100000,100000,0,0.0000
190,100000,100000,0,0.0000
191,100000,100000,0,0.0000
192,100000,100000,0,0.0000
193,100000,100000,0,0.0000
194,100000,100000,0,0.0000
195,100000,100000,0,0.0000
196,100000,100000,0,0.0000
197,100000,100000,0,0.0000
198,100000,100000,0,0.0000
199,100000,100000,0,0.0000
200,100000,100000,0,0.0000
201,100000,100000,0,0.0000
202,100000,100000,0,0.0000
203,100000,100000,0,0.0000
204,100000,100000,0,0.0000
205,100000,100000,0,0.0000
206,100000,100000,0,0.0000
207,100000,100000,0,0.0000
208,100000,100000,0,0.0000
209,100000,100000,0,0.0000
210,100000,100000,0,0.0000
211,100000,100000,0,0.0000
212,100000,100000,0,0.0000
213,100000,100000,0,0.0000
214,100000,100000,0,0.0000
215,100000,100000,0,0.0000
216,100000,100000,0,0.0000
217,100000,100000,0,0.0000
218,100000,100000,0,0.0000
219,100000,100000,0,0.0000
220,100000,100000,0,0.0000
221,100000,100000,0,0.0000
222,100000,100000,0,0.0000
223,100000,100000,0,0.0000
224,100000,100000,0,0.0000
225,100000,100000,0,0.0000
226,100000,100000,0,0.0000
227,100000,100000,0,0.0000
228,100000,100000,0,0.0000
229,100000,100000,0,0.0000
230,100000,100000,0,0.0000
231,100000,100000,0,0.0000
232,100000,100000,0,0.0000
233,100000,100000,0,0.0000
234,100000,100000,0,0.0000
235,100000,100000,0,0.0000
236,100000,100000,0,0.0000
237,100000,100000,0,0.0000
238,100000,100000,0,0.0000
239,100000,100000,0,0.0000
240,100000,100000,0,0.0000
241,100000,100000,0,0.0000
242,100000,100000,0,0.0000
243,100000,100000,0,0.0000
244,100000,100000,0,0.0000
245,100000,100000,0,0.0000
246,100000,100000,0,0.0000
247,100000,100000,0,0.0000
248,100000,100000,0,0.0000
249,100000,100000,0,0.0000
250,100000,100000,0,0.0000
251,100000,100000,0,0.0000
252,100000,100000,0,0.0000
253,100000,100000,0,0.0000
254,100000,100000,0,0.0000
255,100000,100000,0,0.0000
256,100000,100000,0,0.0000
257,100000,100000,0,0.0000
258,100000,100000,0,0.0000
259,100000,100000,0,0.0000
260,100000,100000,0,0.0000
261,100000,100000,0,0.0000
262,100000,100000,0,0.0000
263,100000,100000,0,0.0000
264,100000,100000,0,0.0000
265,100000,100000,0,0.0000
266,100000,100000,0,0.0000
267,100000,100000,0,0.0000
268,100000,100000,0,0.0000
269,100000,100000,0,0.0000
270,100000,100000,0,0.0000
271,100000,100000,0,0.0000
272,100000,100000,0,0.0000
273,100000,100000,0,0.0000
274,100000,100000,0,0.0000
275,100000,100000,0,0.0000
276,100000,100000,0,0.0000
277,100000,100000,0,0.0000
278,100000,100000,0,0.0000
279,100000,100000,0,0.0000
280,100000,100000,0,0.0000
281,100000,100000,0,0.0000
282,100000,100000,0,0.0000
283,100000,100000,0,0.0000
284,100000,100000,0,0.0000
285,100000,100000,0,0.0000
286,100000,100000,0,0.0000
287,100000,100000,0,0.0000
288,100000,100000,0,0.0000
289,100000,100000,0,0.0000
290,100000,100000,0,0.0000
291,100000,100000,0,0.0000
292,100000,100000,0,0.0000
293,100000,100000,0,0.0000
294,100000,100000,0,0.0000
295,100000,100000,0,0.0000
296,100000,100000,0,0.0000
297,100000,100000,0,0.0000
298,100000,100000,0,0.0000
299,100000,100000,0,0.0000
