Time,Normal,Mutant,Total
0,104,0,104
1,115,0,115
2,121,0,121
3,128,0,128
4,136,0,136
5,147,0,147
6,147,0,147
7,150,0,150
8,158,0,158
9,162,0,162
10,157,0,157
11,169,0,169
12,172,0,172
13,175,0,175
14,189,0,189
15,199,0,199
16,223,0,223
17,233,0,233
18,245,0,245
19,257,0,257
20,272,0,272
21,294,0,294
22,318,0,318
23,329,0,329
24,353,0,353
25,369,0,369
26,383,0,383
27,405,0,405
28,431,0,431
29,472,0,472
30,483,0,483
31,507,0,507
32,544,0,544
33,568,0,568
34,592,0,592
35,630,0,630
36,644,0,644
37,671,0,671
38,690,0,690
39,701,0,701
40,735,0,735
41,778,0,778
42,810,0,810
43,817,0,817
44,846,0,846
45,863,0,863
46,911,0,911
47,950,0,950
48,1006,0,1006
49,1055,0,1055
50,1086,0,1086
51,1133,0,1133
52,1194,0,1194
53,1246,0,1246
54,1303,0,1303
55,1361,0,1361
56,1415,1,1416
57,1467,1,1468
58,1513,1,1514
59,1602,2,1604
60,1652,2,1654
61,1725,3,1728
62,1793,1,1794
63,1851,1,1852
64,1948,1,1949
65,2038,3,2041
66,2087,3,2090
67,2183,3,2186
68,2243,2,2245
69,2335,2,2337
70,2411,3,2414
71,2555,2,2557
72,2651,3,2654
73,2753,4,2757
74,2866,5,2871
75,2989,6,2995
76,3081,7,3088
77,3178,9,3187
78,3317,9,3326
79,3486,9,3495
80,3662,7,3669
81,3799,8,3807
82,3948,9,3957
83,4152,11,4163
84,4321,14,4335
85,4450,18,4468
86,4594,18,4612
87,4724,20,4744
88,4911,19,4930
89,5076,18,5094
90,5319,19,5338
91,5484,24,5508
92,5718,28,5746
93,5961,35,5996
94,6194,39,6233
95,6407,46,6453
96,6673,50,6723
97,6958,51,7009
98,7256,55,7311
99,7540,66,7606
100,7836,73,7909
101,8143,75,8218
102,8497,76,8573
103,8893,85,8978
104,9206,90,9296
105,9570,106,9676
106,9968,110,10078
107,10354,118,10472
108,10720,127,10847
109,11135,127,11262
110,11679,125,11804
111,12212,131,12343
112,12677,141,12818
113,13185,148,13333
114,13794,160,13954
115,14301,178,14479
116,14949,197,15146
117,15552,210,15762
118,16181,232,16413
119,16757,241,16998
120,17395,275,17670
121,18031,296,18327
122,18798,309,19107
123,19647,328,19975
124,20462,349,20811
125,21285,375,21660
126,22199,397,22596
127,23013,429,23442
128,23993,465,24458
129,24894,485,25379
130,25938,533,26471
131,26946,558,27504
132,28027,597,28624
133,29087,645,29732
134,30095,699,30794
135,31339,734,32073
136,32587,766,33353
137,33901,825,34726
138,35160,870,36030
139,36530,930,37460
140,37973,1012,38985
141,39383,1066,40449
142,40780,1112,41892
143,42495,1171,43666
144,44145,1250,45395
145,45820,1306,47126
146,47633,1397,49030
147,49459,1459,50918
148,51403,1575,52978
149,53548,1686,55234
150,55592,1809,57401
151,57821,1933,59754
152,59971,2064,62035
153,62238,2206,64444
154,64670,2396,67066
155,67373,2586,69959
156,70080,2764,72844
157,73059,2972,76031
158,75871,3181,79052
159,79034,3439,82473
160,82445,3666,86111
161,85741,3912,89653
162,88966,4189,93155
163,92463,4489,96952
164,96373,4776,101149
165,100193,5069,105262
166,104279,5406,109685
167,108280,5761,114041
168,112704,6179,118883
169,117149,6569,123718
170,121582,7019,128601
171,126365,7525,133890
172,131528,8003,139531
173,136875,8575,145450
174,142187,9116,151303
175,147661,9704,157365
176,153145,10379,163524
177,159157,11100,170257
178,165671,11676,177347
179,172353,12398,184751
180,179309,13295,192604
181,186204,14135,200339
182,193419,15066,208485
183,201066,16084,217150
184,209072,17163,226235
185,217199,18273,235472
186,225761,19498,245259
187,234851,20817,255668
188,244046,22153,266199
189,253894,23572,277466
190,263914,25200,289114
191,274472,26756,301228
192,285244,28451,313695
193,296521,30384,326905
194,308212,32327,340539
195,320458,34543,355001
196,333100,36762,369862
197,346282,39195,385477
198,360043,41500,401543
199,373782,44099,417881
200,388700,47049,435749
201,404723,50164,454887
202,421324,53419,474743
203,438274,56728,495002
204,455420,60378,515798
205,473334,64104,537438
206,492604,68272,560876
207,511619,72824,584443
208,531994,77446,609440
209,553212,82610,635822
210,574520,88121,662641
211,596969,93777,690746
212,620653,99759,720412
213,645481,106200,751681
214,671298,113125,784423
215,697800,120533,818333
216,725505,128437,853942
217,754150,136727,890877
218,784769,145680,930449
219,815944,155169,971113
220,848569,165071,1013640
221,882139,175805,1057944
222,916666,187180,1103846
223,953251,199224,1152475
224,991522,212075,1203597
225,1031389,226127,1257516
226,1072747,240557,1313304
227,1114801,255995,1370796
228,1159956,272399,1432355
229,1206181,290465,1496646
230,1253435,309098,1562533
231,1303647,329372,1633019
232,1355077,350780,1705857
233,1409124,373370,1782494
234,1465678,397988,1863666
235,1524828,423680,1948508
236,1586762,451017,2037779
237,1650820,480508,2131328
238,1716768,511347,2228115
239,1786038,544205,2330243
240,1858092,579058,2437150
241,1932702,616838,2549540
242,2010233,656354,2666587
243,2090798,698239,2789037
244,2174920,743589,2918509
245,2261238,791385,3052623
246,2350947,842716,3193663
247,2445448,897121,3342569
248,2542435,954473,3496908
249,2643912,1015675,3659587
250,2749295,1080134,3829429
251,2859880,1148649,4008529
252,2974200,1222361,4196561
253,3093464,1300891,4394355
254,3215219,1384448,4599667
255,3344275,1474792,4819067
256,3477501,1570055,5047556
257,3615394,1669607,5285001
258,3761172,1777448,5538620
259,3910629,1892376,5803005
260,4067641,2013835,6081476
261,4229472,2143642,6373114
262,4398116,2280015,6678131
263,4573761,2426607,7000368
264,4754979,2583697,7338676
265,4943748,2750351,7694099
266,5141000,2926612,8067612
267,5344991,3115406,8460397
268,5559224,3316122,8875346
269,5781061,3527247,9308308
270,6011224,3753176,9764400
271,6252170,3993470,10245640
272,6501437,4248881,10750318
273,6759660,4523385,11283045
274,7028926,4813276,11842202
275,7307942,5121516,12429458
276,7598679,5451020,13049699
277,7900511,5801104,13701615
278,8214893,6174571,14389464
279,8544042,6572815,15116857
280,8884830,6996013,15880843
281,9239677,7446091,16685768
282,9609528,7925669,17535197
283,9992685,8434449,18427134
284,10394244,8974243,19368487
285,10807676,9551780,20359456
286,11239999,10164874,21404873
287,11689731,10815282,22505013
288,12155568,11509728,23665296
289,12643176,12246035,24889211
290,13146625,13033689,26180314
291,13671951,13870768,27542719
292,14217891,14758214,28976105
293,14785750,15704786,30490536
294,15376270,16711544,32087814
295,15985512,17781619,33767131
296,16624699,18922842,35547541
297,17286654,20138031,37424685
298,17977439,21426964,39404403
299,18696270,22800273,41496543
300,19442208,24261375,43703583
301,20214514,25819665,46034179
302,21020561,27475937,48496498
303,21858231,29239964,51098195
304,22729995,31111150,53841145
305,23639097,33105279,56744376
306,24582271,35225066,59807337
307,25560144,37483451,63043595
308,26578622,39887199,66465821
309,27642991,42446523,70089514
310,28747292,45171560,73918852
311,29896152,48063501,77959653
312,31090849,51140609,82231458
313,32333179,54421252,86754431
314,33620751,57908898,91529649
315,34961662,61618577,96580239
316,36353498,65574721,101928219
317,37804699,69777292,107581991
318,39312729,74245920,113558649
319,40885349,79007166,119892515
320,42518000,84064667,126582667
321,44212977,89455251,133668228
322,45978436,95191668,141170104
323,47810286,101292358,149102644
324,49721409,107773080,157494489
325,51702304,114678059,166380363
326,53761514,122032062,175793576
327,55907659,129853585,185761244
328,58137204,138176975,196314179
329,60452141,147027677,207479818
330,62868352,156445615,219313967
331,65373755,166462808,231836563
332,67973866,177123991,245097857
333,70685750,188472837,259158587
334,73498426,200536703,274035129
335,76426337,213378790,289805127
336,79472151,227045643,306517794
337,82641233,241581475,324222708
338,85931307,257053527,342984834
339,89359755,273515944,362875699
340,92923941,291026712,383950653
341,96631944,309655503,406287447
342,100487207,329486274,429973481
343,104501373,350583263,455084636
344,108668720,373053834,481722554
345,113002141,396947268,509949409
346,117503652,422363093,539866745
347,122196390,449405998,571602388
348,127068640,478171685,605240325
349,132135449,508795086,640930535
350,137402144,541375084,678777228
351,142883766,576023094,718906860
352,148574989,612897529,761472518
353,154498348,652128647,806626995
354,160655164,693890763,854545927
355,167051641,738303470,905355111
356,173716041,785579969,959296010
357,180641357,835872903,1016514260
358,187839343,889375555,1077214898
359,195333728,946314963,1141648691
360,203130653,1006888876,1210019529
361,211233326,1071338504,1282571830
362,219647040,1139909360,1359556400
363,228397407,1212881195,1441278602
364,237512440,1290534351,1528046791
365,246991382,1373180072,1620171454
366,256840464,1461096129,1717936593
367,267086039,1554621502,1821707541
368,277728753,1654165776,1931894529
369,288822237,1760063403,2048885640
370,300336067,1872758501,-2121872728
371,312313555,1992633202,-1990020539
372,324769266,2120190919,-1850007111
373,337714637,0,337714637
374,351190543,42682,351233225
375,365202751,90556,365293307
376,379765534,142900,379908434
377,394903734,200432,395104166
378,410649351,263934,410913285
379,427019306,332828,427352134
380,444051330,409061,444460391
381,461762822,492375,462255197
382,480177593,583555,480761148
383,499352275,683273,500035548
384,519256269,791324,520047593
385,539953935,907429,540861364
386,561496452,1034519,562530971
387,583875785,1172540,585048325
388,607166730,1321473,608488203
389,631375279,1483706,632858985
390,656541201,1658380,658199581
391,682739473,1849146,684588619
392,709979048,2054517,712033565
393,738280785,2276087,740556872
394,767723397,2515926,770239323
395,798333753,2773845,801107598
396,830171592,3052642,833224234
397,863265240,3355289,866620529
398,897690419,3680186,901370605
399,933479957,4030337,937510294
400,970707533,4407581,975115114
401,1009410874,4815076,1014225950
402,1049662963,5252814,1054915777
403,1091535692,5723278,1097258970
404,1135053413,6229479,1141282892
405,1180354454,6773835,1187128289
406,1227419871,7360171,1234780042
407,1276377865,7989404,1284367269
408,1327276787,8664107,1335940894
409,1380198101,9387842,1389585943
410,1435262852,10167723,1445430575
411,1492510305,11000227,1503510532
412,1552010800,11894531,1563905331
413,1613892184,12849797,1626741981
414,1678272289,13878464,1692150753
415,1745179580,14981291,1760160871
416,1814794281,16162957,1830957238
417,1887165003,17428046,1904593049
418,1962410710,18785965,1981196675
419,2040678165,20236517,2060914682
420,2122060514,21789587,2143850101
421,0,23454400,23454400
422,0,24954640,24954640
423,0,26553129,26553129
424,0,28251124,28251124
425,0,30058494,30058494
426,0,31982196,31982196
427,0,34031292,34031292
428,0,36207684,36207684
429,0,38523345,38523345
430,0,40990174,40990174
431,0,43610714,43610714
432,0,46405466,46405466
433,0,49369883,49369883
434,0,52529234,52529234
435,0,55888739,55888739
436,0,59466822,59466822
437,0,63270703,63270703
438,0,67320027,67320027
439,0,71633606,71633606
440,0,76219978,76219978
441,0,81098230,81098230
442,0,86292379,86292379
443,0,91817407,91817407
444,0,97695889,97695889
445,0,103951423,103951423
446,0,110602895,110602895
447,0,117679350,117679350
448,0,125204598,125204598
449,0,133211684,133211684
450,0,141734779,141734779
451,0,150800193,150800193
452,0,160440093,160440093
453,0,170704279,170704279
454,0,181635764,181635764
455,0,193253647,193253647
456,0,205629983,205629983
457,0,218791849,218791849
458,0,232778951,232778951
459,0,247661514,247661514
460,0,263508714,263508714
461,0,280376782,280376782
462,0,298329680,298329680
463,0,317433044,317433044
464,0,337748206,337748206
465,0,359358455,359358455
466,0,382341831,382341831
467,0,406810507,406810507
468,0,432854004,432854004
469,0,460566835,460566835
470,0,490042375,490042375
471,0,521397847,521397847
472,0,554747217,554747217
473,0,590255318,590255318
474,0,628041845,628041845
475,0,668223110,668223110
476,0,710993159,710993159
477,0,756512841,756512841
478,0,804942544,804942544
479,0,856469467,856469467
480,0,911266132,911266132
481,0,969584880,969584880
482,0,1031647625,1031647625
483,0,1097674957,1097674957
484,0,1167934493,1167934493
485,0,1242706407,1242706407
486,0,1322258487,1322258487
487,0,1406883936,1406883936
488,0,1496941165,1496941165
489,0,1592719908,1592719908
490,0,1694661357,1694661357
491,0,1803121102,1803121102
492,0,1918537370,1918537370
493,0,2041329904,2041329904
494,0,0,0
495,0,0,0
496,0,0,0
497,0,0,0
498,0,0,0
499,0,0,0
